endpoint,scorer,delta,ci_lo,ci_hi,p_one_sided,bh_q
E1 PDAC pan-dependency,ECS (multiplicative),-0.2799,-0.2937,-0.2654,0.99975,0.9998
E1 PDAC pan-dependency,Additive,-0.1019,-0.1104,-0.0935,0.99975,0.9998
E1 PDAC pan-dependency,Geometric mean,-0.0966,-0.1058,-0.0875,0.99975,0.9998
E1 PDAC pan-dependency,Harmonic mean,-0.1199,-0.1293,-0.1102,0.99975,0.9998
E1 PDAC pan-dependency,Arithmetic mean,-0.1155,-0.1261,-0.1055,0.99975,0.9998
E1 PDAC pan-dependency,Rank aggregation,-0.1624,-0.1735,-0.1518,0.99975,0.9998
E1 PDAC pan-dependency,Weighted rank,-0.061,-0.0662,-0.0559,0.99975,0.9998
E1 PDAC pan-dependency,Random forest,0.0554,0.049,0.0616,0.00025,0.0075
E1 PDAC pan-dependency,Logistic regression,-0.0165,-0.0266,-0.0071,0.99925,0.9998
E1 PDAC pan-dependency,Elastic net,-0.0236,-0.034,-0.0139,0.99975,0.9998
E4 CRC pan-dependency,ECS (multiplicative),-0.2868,-0.2997,-0.2726,0.99975,0.9998
E4 CRC pan-dependency,Additive,-0.1088,-0.117,-0.1004,0.99975,0.9998
E4 CRC pan-dependency,Geometric mean,-0.1062,-0.115,-0.097,0.99975,0.9998
E4 CRC pan-dependency,Harmonic mean,-0.1258,-0.1349,-0.1162,0.99975,0.9998
E4 CRC pan-dependency,Arithmetic mean,-0.1216,-0.1312,-0.1113,0.99975,0.9998
E4 CRC pan-dependency,Rank aggregation,-0.1678,-0.1785,-0.1573,0.99975,0.9998
E4 CRC pan-dependency,Weighted rank,-0.0638,-0.0689,-0.0588,0.99975,0.9998
E4 CRC pan-dependency,Random forest,0.0545,0.048,0.061,0.00025,0.0075
E4 CRC pan-dependency,Logistic regression,-0.0191,-0.029,-0.0091,0.99975,0.9998
E4 CRC pan-dependency,Elastic net,-0.0271,-0.037,-0.0167,0.99975,0.9998
E5 clinical concordance,ECS (multiplicative),-0.1616,-0.2446,-0.0927,0.99975,0.9998
E5 clinical concordance,Additive,-0.0379,-0.0727,-0.0108,0.99775,0.9998
E5 clinical concordance,Geometric mean,-0.0731,-0.1262,-0.0279,0.99975,0.9998
E5 clinical concordance,Harmonic mean,-0.045,-0.0854,-0.0132,0.99775,0.9998
E5 clinical concordance,Arithmetic mean,-0.0918,-0.1519,-0.0414,0.99975,0.9998
E5 clinical concordance,Rank aggregation,-0.1322,-0.1993,-0.0761,0.99975,0.9998
E5 clinical concordance,Weighted rank,-0.0298,-0.0649,-0.0031,0.98726,0.9998
E5 clinical concordance,Random forest,-0.0444,-0.0976,0.0006,0.97126,0.9998
E5 clinical concordance,Logistic regression,-0.0038,-0.0153,0.0053,0.75887,0.9998
E5 clinical concordance,Elastic net,-0.0873,-0.1757,-0.0175,0.99575,0.9998
SelA PDAC-selective (A_ratio),ECS (multiplicative),-0.0882,-0.1282,-0.0485,0.99975,0.9998
SelA PDAC-selective (A_ratio),Additive,-0.0159,-0.0643,0.0308,0.75737,0.9998
SelA PDAC-selective (A_ratio),Geometric mean,-0.0197,-0.0683,0.0275,0.79035,0.9998
SelA PDAC-selective (A_ratio),Harmonic mean,-0.0132,-0.0581,0.0288,0.74688,0.9998
SelA PDAC-selective (A_ratio),Arithmetic mean,-0.0056,-0.0425,0.0289,0.63543,0.9998
SelA PDAC-selective (A_ratio),Rank aggregation,-0.05,-0.0958,-0.0053,0.99075,0.9998
SelA PDAC-selective (A_ratio),Weighted rank,-0.0592,-0.1092,-0.0138,0.99475,0.9998
SelA PDAC-selective (A_ratio),Random forest,0.0324,-0.016,0.0824,0.1007,0.7552
SelA PDAC-selective (A_ratio),Logistic regression,-0.015,-0.0529,0.0218,0.78936,0.9998
SelA PDAC-selective (A_ratio),Elastic net,-0.0447,-0.0927,0.0014,0.97276,0.9998
SelB PDAC-selective (B_zeffect==C),ECS (multiplicative),0.0446,0.0009,0.0891,0.02274,0.1949
SelB PDAC-selective (B_zeffect==C),Additive,-0.1535,-0.2,-0.1058,0.99975,0.9998
SelB PDAC-selective (B_zeffect==C),Geometric mean,-0.143,-0.1877,-0.0948,0.99975,0.9998
SelB PDAC-selective (B_zeffect==C),Harmonic mean,-0.1217,-0.1665,-0.076,0.99975,0.9998
SelB PDAC-selective (B_zeffect==C),Arithmetic mean,-0.1464,-0.1916,-0.0979,0.99975,0.9998
SelB PDAC-selective (B_zeffect==C),Rank aggregation,-0.1292,-0.178,-0.0839,0.99975,0.9998
SelB PDAC-selective (B_zeffect==C),Weighted rank,-0.1717,-0.2236,-0.1192,0.99975,0.9998
SelB PDAC-selective (B_zeffect==C),Random forest,-0.0139,-0.0666,0.0393,0.7074,0.9998
SelB PDAC-selective (B_zeffect==C),Logistic regression,0.0471,0.014,0.0794,0.00175,0.0262
SelB PDAC-selective (B_zeffect==C),Elastic net,-0.0647,-0.1098,-0.0199,0.99975,0.9998
SelD PDAC-selective (D_mixed),ECS (multiplicative),0.0666,0.0241,0.1102,0.00075,0.015
SelD PDAC-selective (D_mixed),Additive,-0.0858,-0.1342,-0.0377,0.99975,0.9998
SelD PDAC-selective (D_mixed),Geometric mean,-0.0726,-0.1194,-0.0233,0.99925,0.9998
SelD PDAC-selective (D_mixed),Harmonic mean,-0.0662,-0.1147,-0.0183,0.99725,0.9998
SelD PDAC-selective (D_mixed),Arithmetic mean,-0.0936,-0.1412,-0.047,0.99975,0.9998
SelD PDAC-selective (D_mixed),Rank aggregation,-0.0902,-0.1382,-0.0449,0.99975,0.9998
SelD PDAC-selective (D_mixed),Weighted rank,-0.0777,-0.1329,-0.0249,0.99625,0.9998
SelD PDAC-selective (D_mixed),Random forest,0.0552,0.0062,0.1029,0.01424,0.1424
SelD PDAC-selective (D_mixed),Logistic regression,0.0525,0.0107,0.0916,0.00475,0.057
SelD PDAC-selective (D_mixed),Elastic net,-0.0237,-0.0688,0.0232,0.83433,0.9998
