method,E1 PDAC pan-dependency,E4 CRC pan-dependency,E5 clinical concordance,SelA PDAC-selective (A_ratio),SelB z-effect (==C),SelD PDAC-selective (D_mixed),E7 genetic-association reuse,E8 interaction label
STRING centrality,0.6951,0.7018,0.9861,0.4801,0.388,0.4584,0.8457,0.0214
Mutation frequency,0.4991,0.4971,0.7022,0.5318,0.426,0.4446,0.5555,0.694
IMPC animal KO,0.5478,0.5456,0.5698,0.5147,0.4499,0.4539,0.5492,0.3637
Genetic constraint,0.524,0.5303,0.3888,0.5431,0.4607,0.4398,0.4543,0.2247
Cancer-driver annotation,0.5067,0.5075,0.7374,0.4961,0.4982,0.5024,0.5773,0.494
OT genetics (PDAC),0.5044,0.5042,0.8372,0.4938,0.4983,0.5067,1.0,0.4898
Druggability,0.5072,0.5064,0.8082,0.5029,0.4714,0.4837,0.6666,0.4623
HPA PDAC prognostic,0.6056,0.6083,0.674,0.5207,0.4503,0.4705,0.6459,0.2663
HPA RNA tissue spec,0.4272,0.4263,0.4118,0.492,0.5622,0.5212,0.4463,0.4884
ECS (multiplicative),0.4152,0.4151,0.8245,0.4549,0.6068,0.5878,0.7596,0.8941
Additive,0.5932,0.593,0.9483,0.5272,0.4087,0.4354,0.8785,0.0202
Geometric mean,0.5985,0.5956,0.9131,0.5234,0.4192,0.4486,0.8051,0.1191
Harmonic mean,0.5752,0.576,0.9412,0.5299,0.4405,0.4551,0.888,0.0573
Arithmetic mean,0.5796,0.5802,0.8943,0.5374,0.4158,0.4276,0.8115,0.1195
Rank aggregation,0.5327,0.534,0.8539,0.4931,0.433,0.431,0.7922,0.3431
Weighted rank,0.6341,0.638,0.9563,0.4838,0.3905,0.4436,0.8283,0.1692
Logistic regression,0.6786,0.6828,0.9823,0.5281,0.6093,0.5737,,1.0
Elastic net,0.6715,0.6747,0.8988,0.4984,0.4975,0.4975,,1.0
Random forest,0.7505,0.7563,0.9418,0.5755,0.5483,0.5764,,1.0
