endpoint,role,n_pos,frac_positives_annotated_per_layer,note
E1 PDAC pan-dependency,primary,4584,"{""string_centrality"": 0.9871, ""mutation_freq"": 0.5552, ""impc_animal_ko"": 0.4492, ""genetic_constraint"": 0.796, ""cancer_driver"": 0.0223, ""ot_genetics_pdac"": 0.031, ""druggability"": 0.2528, ""hpa_pdac_prognostic"": 0.9055, ""hpa_rna_tissue_spec"": 0.113}",DepMap PDAC essentiality; no layer shares the CRISPR-screen lineage
E4 CRC pan-dependency,primary (external context),4608,"{""string_centrality"": 0.9887, ""mutation_freq"": 0.5497, ""impc_animal_ko"": 0.4466, ""genetic_constraint"": 0.8008, ""cancer_driver"": 0.0234, ""ot_genetics_pdac"": 0.0306, ""druggability"": 0.2515, ""hpa_pdac_prognostic"": 0.9095, ""hpa_rna_tissue_spec"": 0.1115}","DepMap CRC; same platform as E1, independent of all nine layers"
E5 clinical concordance,primary (translational),35,"{""string_centrality"": 1.0, ""mutation_freq"": 0.8286, ""impc_animal_ko"": 0.5429, ""genetic_constraint"": 0.8286, ""cancer_driver"": 0.4857, ""ot_genetics_pdac"": 0.6857, ""druggability"": 0.7714, ""hpa_pdac_prognostic"": 1.0, ""hpa_rna_tissue_spec"": 0.0571}",curated clinical target set; conceptual overlap with druggability and centrality (see per-layer fractions)
SelA PDAC-selective (A_ratio),primary,250,"{""string_centrality"": 0.98, ""mutation_freq"": 0.596, ""impc_animal_ko"": 0.4, ""genetic_constraint"": 0.744, ""cancer_driver"": 0.004, ""ot_genetics_pdac"": 0.012, ""druggability"": 0.256, ""hpa_pdac_prognostic"": 0.792, ""hpa_rna_tissue_spec"": 0.212}","DepMap selective-dependency metric; same platform as E1, no layer reuse"
SelB PDAC-selective (B_zeffect==C),primary,250,"{""string_centrality"": 0.936, ""mutation_freq"": 0.376, ""impc_animal_ko"": 0.264, ""genetic_constraint"": 0.564, ""cancer_driver"": 0.008, ""ot_genetics_pdac"": 0.02, ""druggability"": 0.184, ""hpa_pdac_prognostic"": 0.6, ""hpa_rna_tissue_spec"": 0.336}",DepMap z-effect metric; identical file column to SelC (counted once)
SelD PDAC-selective (D_mixed),primary,250,"{""string_centrality"": 0.94, ""mutation_freq"": 0.408, ""impc_animal_ko"": 0.276, ""genetic_constraint"": 0.576, ""cancer_driver"": 0.016, ""ot_genetics_pdac"": 0.036, ""druggability"": 0.2, ""hpa_pdac_prognostic"": 0.648, ""hpa_rna_tissue_spec"": 0.26}",DepMap mixed selective metric; no layer reuse
E7 genetic-association reuse,audit control,200,"{""string_centrality"": 0.96, ""mutation_freq"": 0.62, ""impc_animal_ko"": 0.46, ""genetic_constraint"": 0.745, ""cancer_driver"": 0.165, ""ot_genetics_pdac"": 1.0, ""druggability"": 0.535, ""hpa_pdac_prognostic"": 0.96, ""hpa_rna_tissue_spec"": 0.12}",label = top-200 of the OT genetics layer: direct value reuse by construction (overlap 1.0)
E8 interaction label (canonical),audit control,250,"{""string_centrality"": 0.0, ""mutation_freq"": 1.0, ""impc_animal_ko"": 0.112, ""genetic_constraint"": 0.14, ""cancer_driver"": 0.0, ""ot_genetics_pdac"": 0.004, ""druggability"": 0.196, ""hpa_pdac_prognostic"": 0.304, ""hpa_rna_tissue_spec"": 0.212}",constructed interaction label = top-250 of (mutation - centrality) difference; circular by construction
E6 external drug response,preregistered external evaluation,32,"{""string_centrality"": 0.9688, ""mutation_freq"": 0.5938, ""impc_animal_ko"": 0.4062, ""genetic_constraint"": 0.6875, ""cancer_driver"": 0.2812, ""ot_genetics_pdac"": 0.3438, ""druggability"": 0.7188, ""hpa_pdac_prognostic"": 0.9062, ""hpa_rna_tissue_spec"": 0.2188}",GDSC1 drug-response construction; drug-target ecology related to druggability; not claimed fully independent
E2 PDAC-enriched dependency,provenance gradient family,1147,"{""string_centrality"": 0.9843, ""mutation_freq"": 0.5432, ""impc_animal_ko"": 0.4429, ""genetic_constraint"": 0.7611, ""cancer_driver"": 0.0235, ""ot_genetics_pdac"": 0.0349, ""druggability"": 0.2929, ""hpa_pdac_prognostic"": 0.8544, ""hpa_rna_tissue_spec"": 0.1534}",DepMap B_zeffect >= Q75; no layer reuse
E3 conjunctive actionability,provenance gradient family,1159,"{""string_centrality"": 0.9965, ""mutation_freq"": 0.5953, ""impc_animal_ko"": 0.4349, ""genetic_constraint"": 0.9784, ""cancer_driver"": 0.0518, ""ot_genetics_pdac"": 0.069, ""druggability"": 1.0, ""hpa_pdac_prognostic"": 0.8913, ""hpa_rna_tissue_spec"": 0.1139}",ess AND druggability-annotated: direct membership reuse of the druggability layer
E3-A leakage-controlled essentiality,provenance gradient family,4584,"{""string_centrality"": 0.9871, ""mutation_freq"": 0.5552, ""impc_animal_ko"": 0.4492, ""genetic_constraint"": 0.796, ""cancer_driver"": 0.0223, ""ot_genetics_pdac"": 0.031, ""druggability"": 0.2528, ""hpa_pdac_prognostic"": 0.9055, ""hpa_rna_tissue_spec"": 0.113}",E1 definition (control)
E3-C out-of-evidence druggability,provenance gradient family,5188,"{""string_centrality"": 0.9628, ""mutation_freq"": 0.6263, ""impc_animal_ko"": 0.3992, ""genetic_constraint"": 0.9379, ""cancer_driver"": 0.0281, ""ot_genetics_pdac"": 0.0459, ""druggability"": 1.0, ""hpa_pdac_prognostic"": 0.7874, ""hpa_rna_tissue_spec"": 0.2271}",label == druggability layer membership: circular control
